{
  "method": "para_cvpt",
  "run_name": "para_cvpt",
  "dataset": "vtab1k_cifar100",
  "seed": 0,
  "num_classes": 100,
  "train_size": 1000,
  "val_size": 1000,
  "test_size": 10000,
  "best_epoch": 39,
  "best_val_top1": 73.5,
  "test_top1_at_best_val": 70.21,
  "test_loss_at_best_val": 1.0866947170257568,
  "trainable_params_m": 0.300724,
  "trainable_params_percent_of_86m": 0.3496790697674419,
  "total_params_m": 114.447796,
  "inference_flops_g": null,
  "peak_train_memory_gb": 3.858668804168701,
  "mean_epoch_time_s": 2.400489938259125,
  "checkpoint_saved": true,
  "router_mean_entropy": 1.2242058515548706,
  "router_effective_experts": 4.342212200164795,
  "expert_load_mean": [
    0.06837433576583862,
    0.09241951256990433,
    0.05787687748670578,
    0.09232412278652191,
    0.12497077137231827,
    0.0549529492855072,
    0.05915733054280281,
    0.0464070662856102,
    0.11888840794563293,
    0.1299588829278946,
    0.08110901713371277,
    0.07350986450910568
  ],
  "expert_load_min": 0.0464070662856102,
  "expert_load_max_min_ratio": 2.8004114627838135
}