{
  "method": "para_cvpt",
  "run_name": "para_cvpt",
  "dataset": "oxford_flowers_102",
  "seed": 0,
  "num_classes": 102,
  "train_size": 1020,
  "val_size": 1020,
  "test_size": 6149,
  "best_epoch": 80,
  "best_val_top1": 94.50980392156862,
  "test_top1_at_best_val": 92.95820458611156,
  "test_loss_at_best_val": 0.31707795326603894,
  "trainable_params_m": 0.302262,
  "trainable_params_percent_of_86m": 0.35146744186046514,
  "total_params_m": 114.449334,
  "inference_flops_g": null,
  "peak_train_memory_gb": 7.029555320739746,
  "mean_epoch_time_s": 2.3258544063568114,
  "checkpoint_saved": true,
  "router_mean_entropy": 1.7764078378677368,
  "router_effective_experts": 7.283777713775635,
  "expert_load_mean": [
    0.06574644148349762,
    0.06863509863615036,
    0.07277106493711472,
    0.07055578380823135,
    0.12023869901895523,
    0.10311610996723175,
    0.10169324278831482,
    0.07848314940929413,
    0.07307960838079453,
    0.10088957101106644,
    0.06746822595596313,
    0.07732181251049042
  ],
  "expert_load_min": 0.06574644148349762,
  "expert_load_max_min_ratio": 1.8288244009017944
}