{
  "method": "vpt",
  "run_name": "vpt",
  "dataset": "oxford_flowers_102",
  "seed": 0,
  "num_classes": 102,
  "train_size": 1020,
  "val_size": 1020,
  "test_size": 6149,
  "best_epoch": 93,
  "best_val_top1": 91.27450980392156,
  "test_top1_at_best_val": 90.68141161164417,
  "test_loss_at_best_val": 0.3638656852419424,
  "trainable_params_m": 0.084582,
  "trainable_params_percent_of_86m": 0.09835116279069767,
  "total_params_m": 85.883238,
  "inference_flops_g": null,
  "peak_train_memory_gb": 6.378012657165527,
  "mean_epoch_time_s": 1.9552765941619874,
  "checkpoint_saved": false
}