{
  "method": "para_cvpt",
  "run_name": "para_cvpt",
  "dataset": "cub_200_2011",
  "seed": 0,
  "num_classes": 200,
  "train_size": 5394,
  "val_size": 600,
  "test_size": 5794,
  "best_epoch": 19,
  "best_val_top1": 81.16666666666667,
  "test_top1_at_best_val": 81.01484294097342,
  "test_loss_at_best_val": 0.7124507724672998,
  "trainable_params_m": 0.377624,
  "trainable_params_percent_of_86m": 0.43909767441860464,
  "total_params_m": 114.524696,
  "inference_flops_g": null,
  "peak_train_memory_gb": 7.029998302459717,
  "mean_epoch_time_s": 9.094931740760803,
  "checkpoint_saved": true,
  "router_mean_entropy": 0.9882269501686096,
  "router_effective_experts": 3.435544013977051,
  "expert_load_mean": [
    0.08107688277959824,
    0.10667277127504349,
    0.12483476847410202,
    0.07849311083555222,
    0.07767710089683533,
    0.08335307240486145,
    0.09289570152759552,
    0.027402130886912346,
    0.09323376417160034,
    0.03856468200683594,
    0.09070251882076263,
    0.10506872832775116
  ],
  "expert_load_min": 0.027402130886912346,
  "expert_load_max_min_ratio": 4.555659294128418
}